{
  "name": "instagram-auto-reply-bot",
  "private": true,
  "version": "0.0.0",
  "type": "module",
  "scripts": {
    "dev": "vite",
    "build": "vite build",
    "lint": "eslint .",
    "preview": "vite preview"
  },
  "dependencies": {
    "@capacitor/android": "^7.4.4",
    "@capacitor/cli": "^7.4.4",
    "@capacitor/core": "^7.4.4",
    "@supabase/supabase-js": "^2.84.0",
    "@tanstack/react-query": "^5.90.10",
    "react": "^19.2.0",
    "react-dom": "^19.2.0",
    "react-router-dom": "^7.9.6"
  },
  "devDependencies": {
    "@eslint/js": "^9.39.1",
    "@tailwindcss/postcss": "^4.1.17",
    "@types/node": "^24.10.1",
    "@types/react": "^19.2.5",
    "@types/react-dom": "^19.2.3",
    "@vitejs/plugin-react": "^5.1.1",
    "autoprefixer": "^10.4.22",
    "eslint": "^9.39.1",
    "eslint-plugin-react-hooks": "^7.0.1",
    "eslint-plugin-react-refresh": "^0.4.24",
    "globals": "^16.5.0",
    "postcss": "^8.5.6",
    "tailwindcss": "^4.1.17",
    "typescript": "^5.9.3",
    "typescript-eslint": "^8.47.0",
    "vite": "^7.2.4"
  }
}
